[
    {
        "src":"/src/assets/گل-آفتابگردان.png",
        "answers0":["گیاه","رشد می‌کند"],
        "answers1":["گل","گل آفتابگردان","گل داوودی","یک گل خاص را نام ببرد"]
    },
    {
        "src":"/src/assets/خورشید.png",
        "answers0":["ستاره","می‌تابد","دایره"],
        "answers1":["خورشید"]
    },
    {
        "src":"/src/assets/سطل.png",
        "answers0":["سطل"],
        "answers1":["قوطی، تغار، خاکروبه، زباله","سبد، جعبه","جای آب، برای تمیز کردن به کار می‌رود","جای میوه، غذا"]
    },
    {
        "src":"/src/assets/گلابی.png",
        "answers0":["گلابی"],
        "answers1":["می‌خوریمش","میوۀ شیرین"]
    }
]