[
    {
        "qNumber":5,
        "word":"صابون",
        "answer2":["پاک کننده (ماده/ ماده شیمیایی وسیله پاک کننده)","شوینده بدن (با آب دوش حمام برای تمیز کردن به کار می رود.)","برای پاک کردن به کار می رود. (کلمه پاک کردن باید به کار رود).","برای شستن/ تمیز کردن به کار می رود.","برای شستن تمیز کردن چیزها به کار می‌رود.","چیزها را با آن تمیز می‌کنند /می‌شویند.","برای شستن دست/ بدن یا موها به کار می رود. (دست/ بدن/ یا مویتان را با آن می‌شوید)","ظرف‌های گربه و سگ را با آن می شویید/ تمیز می‌کنید.","با شستن با آن/ کثافت/ میکروب/ باکتری را از بین می‌برید."],
        "answer1":["با آن حمام می‌کنیم /دوش می‌گیریم ",["با آب استفاده می‌کنیم (بدون اشاره به تمیز کردن)","در حمام/ از آن استفاده می‌کنیم (بدون اشاره به کلمه تمیز)","آن را روی ابر اسفنجی زمین شور/ لیف می‌گذاریم","از آن استفاده می‌کنیم تا بوی بد ندهیم","برای دست/ ظرف ها/ ماشین استفاده می‌کنیم ( بدون اشاره به تمیز کردن یا شستن)","برای از بین بردن کثافت/ میکروب/ باکتری از آن استفاده می‌کنیم (بدون اشاره به شستن)","قبل از خوردن صبحانه/ نهار/ شام/ غذا از آن استفاده می‌کنیم","کف حباب درست می کند؛ کف/ حباب"]],
        "answer0":["لغزنده است","بوی خوبی داره",["از آن استفاده می‌کنیم","شستن را نمایش می‌دهد","بدون آن چیزها بو میدن","به صورت قالب در داخل بطری"]],
        "finalAnswer":"صابون برای تمیز کردن و یا شستن چیزها به کار می‌رود"
    },
    {
        "qNumber":6,
        "word":"آشپزخانه",
        "answer2":["جایی/ اطاقی که در آنجا چیزی می‌پزیم/ غذا درست می‌کنیم"," جایی که چیزی می‌پزیم","قسمتی از رستوران که غذا می‌پزند/ غذا درست می کنند.","اتاقی با اجاق گاز و یخچال فر و ظروف (به اتاق و به حداقل دو وسیلۀ مشخص اشاره می‌کند)","جایی که/ اتاقی که نان /شیرینی /سالاد درست می‌کنند (یا غذای خاصی را نام می‌برد که درست می‌کنند)","جایی که در آن صبحانه/ نهار/ شام درست می‌کنند.","برای آشپزی/ پختن","در آن جا غذا درست می‌کنند/‌ آشپزی می‌کنند."],
        "answer1":[["اتاقی با اجاق گاز/ یخچال//ظرف‌ها (به اتاق و به حداقل یک وسیلۀ مشخص اشاره می‌کند)","اجاق گاز/ یخچال/ فر و کاسه بشقاب دارد (حداقل دو جنبه مشخص را نام می‌برد)","اتاقی/ جایی در یک رستوران / قسمتی از یک رستوران","جایی که غذا می‌خورید / جایی که صبحانه/ شام می خوریم/ اتاقی که در آن غذا می‌خوریم","جایی که غذا نگه می‌دارید/ جایی با غذا","اتاق/ جایی در خانه/ مدرسه"]],
        "answer0":["جایی که چیزهایی در آن می‌گذارید اونجا کثیف میشه؛ باید تمیزش کنید.","جایی در کنار حال/ اتاق نشیمن/ اتاق خانواده/ سالن درپشتی",["اجاق گاز/ یخچال/ کاسه/ بشقاب دارد (یک جنبه مشخص بدون اشاره به اتاق را نام می برد.)","اتاق/ جا","جایی که کار می کنید/ کارتان را انجام می‌دهید","جایی که شما ظرف‌ها را می‌شویند","جایی که چیزی درست می‌کنید؛ (هیچ اشاره ای به غذا یا خوراک نمی شود)"]],
        "finalAnswer":"آشپزخانه اتاقی است که در آنجا غذا می‌پزند/ خوراک درست می‌کنند."
    },
    {
        "qNumber":7,
        "word":"کت",
        "answer2":["لباسی که ما را گرم می‌کند/ از سرما حفظ می‌کند","می‌پوشیم تا گرم بمانیم/ خشک بمانیم","برای حفظ از باران/ هوا/ سرما/ آن را می‌پوشیم","وقتی هوا سرد است/ باران می‌بارد/ زمستان است آن را می‌پوشیم","لباسی که ما را گرم / خشک نگاه می‌دارد","لباس روئی/ آن را روی پیراهن/ لباس/ بلوز می‌پوشیم","پوششی که روی چیزی را می‌پوشاند","لایه‌ای از مو/ خزه/ پشم یک حیوان (اشاره می‌کند به لایه بیرونی یک حیوان)"],
        "answer1":["ما را در سرمای زمستان گرم نگاه می‌دارد",["پوشیدن","می‌پوشیمش/ می‌پوشیم","ژاکت بلوز","ما را گرم یا خشک نگاه می‌دارد","در باران ما را خشک نگاه می‌دارد (بدون اشاره به لباس یا پوشش)","یک لایه نازک/ در بیرون آن را می‌پوشیم/ لباس بیرون","در باران و سرما /زمستان از آن استفاده می‌کنیم (بدون اشاره به لباس یا پوشیدن)","ما را حفظ می‌کند/ از هوا شما را حفظ می‌کند (بدون اشاره به لباس یا پوشش)","روی بدن قرار می‌گیرد"]],
        "answer0":[["دکمه /زیپ دارد","از مریض شدن ما جلوگیری می‌کند","از چرم / پارچه / پشم درست شده","برای اسکی بازان/ برای سرسره روی یخ/ پوششی از رنگ","نرم/ پشمالو/ گرم و نرم","ساخته شده از خز (بدون اشاره به یک حیوان)"]],
        "finalAnswer":null
    },
    {
        "qNumber":8,
        "word":"موش",
        "answer2":["جانور/ حیوان","پستاندار","جونده"],
        "answer1":["آن کوچولوها خاکستری با گوش‌های بزرگ/ دم / سبیل/ چهار پا هستند (دو جنبه فیزیکی را نام می برد)",["پنیر می‌خورند/ آدم‌ها را می‌ترسانند/ این ور و آن ور می‌دوند/ غذای گربه اند (دو رفتار مشخص را نام می‌برد)","جانور موذی/ آفت","موش خرما/ موش صحرایی","آنها پنیر میخورند/ صدا در می آورند/ در سوراخ زندگی می کنند/ می خزند گوش‌های بزرگ/ دم/ سبیل و چهار تا پا دارند (یک رفتار مشخص + یک جنبه فیزیکی را نام می‌برد)","حیوان دست آموز","مخلوق"]],
        "answer0":["موش‌های قصه را نام می‌برد",["آنها گوش‌های بزرگ/ دم/ سبیل/ چهارپا دارند. (یک جنبه فیزیکی را نام میبرد)","آنها می‌دوند/ در سوراخ‌ها زندگی می‌کنند/ مردم را می‌ترسانند/ از گربه‌ها می‌ترسند/ گربه‌ها آنها را می‌خورند؛ تعقیب می‌کنند (فقط یک رفتار مشخص را نام می‌برد)","رفتار موش را نمایش می‌دهد"]],
        "finalAnswer":null
    },
    {
        "qNumber":9,
        "word":"جایزه",
        "answer2":["چیزی که برای انجام کار خوب در یک مسابقه به دست می آورید","نشان افتخار/ پول/ اسباب بازی که می‌گیریم","کار برجسته/ پاداش/ برنده شدن/ قهرمان/ برگزیده/ برنده می‌شویم","چیزی که در نمایشگاه / بازار به برنده می‌دهند/ پاداش/ افتخار"],
        "answer1":[["چیزی که برای شما ارزش دارد/ مورد احترام شماست و مرتبه بالایی دارد","چیزی که دریافت می‌کنید چون خوب هستید/ کار خوبی کرده اید/به حرف معلم گوش داده اید","یک هدیه / یک پیشکش","نشان افتخار/ پاداش","یک چیز بارزش/گران قیمت/ پرارزش","چیزی که می‌خواهید","چیزی که از گرفتن آن خوشحال می‌شوید/ چیزی که شما را خوشحال می‌کند"]],
        "answer0":["چیزی که به دست می‌آورید",["کسی/ مادر یک دوست آن را به تو می‌دهد","در تولدمان آن را می‌گیریم","نمی‌دانیم چیست؛ (غیر منتظره بودن را تعریف میکند.)","یک چیزی از (جعبه جایزه صندوق گنج)","جایزه نوبل/ انعام / جایزه اول ورود به جایی","در مدرسه / نمایشگاه داده می‌شود (جاهایی را نام می‌برد که در آن جایزه می دهند) پول/ اسباب بازی"]],
        "finalAnswer":"جایزه/ پاداش یا چیزی است که شما برنده می‌شوید"
    },
    {
        "qNumber":10,
        "word":"خلبان",
        "answer2":["آنها هواپیما//ئهلیکوپتر را می‌رانند","کسی که هواپیما را هدایت می‌کند","کاپیتان /رئیس هواپیما (یا هلیکوپتر)","آنها فرمانده/ راهنما/ مسئول هواپیما با هلیکوپتر هستند","آنها هواپیما/ هلیکوپتر را کنترل می‌کنند (یا به کار می‌اندازند/ می‌رانند/ هدایت می‌کنند/ حرکت می‌دهند)."],
        "answer1":[["آنها وسیله نقلیه‌ای را می‌رانند/ هدایت می‌کنند/ راهنمایی می‌کنند/ به کار می‌اندازند/ تحت فرمان دارند","آنها پرواز میکنند/ کسی که پرواز می‌کند","آنها خلبانی می‌کنند","آنها نمایش می‌کنند"]],
        "answer0":["آنها کلاه لباس رسمی/ لباس پرواز می‌پوشند",["کسی که در هواپیما کار می‌کند","آنها می‌رانند/ راننده‌اند","هواپیما","آنها مرا در تعطیلات به خانه پدر بزرگ می‌برند","یک نوع ماشین","پرواز می کنند","کسی که در نیروی هوایی است","کاپیتان"],"کاپیتان/ رئیس قطار/ کسی که قطار را می‌راند."],
        "finalAnswer":"خلبان کسی است که هواپیما را می‌راند."
    },
    {
        "qNumber":11,
        "word":"اطاعت کردن",
        "answer2":["انجام آن چه به شما گفته شده/ از شما خواسته شده","انجام آن چه به شما می گویند/ از شما می خواهند","گوش کن و انجام بده کاری را که از تو می‌خواهند","نه نگو فقط انجام بده","انجام بده آن چه را از تو می‌خواهند","تسلیم مقامات شدن","گوش دادن به دستور/ راهنمایی/قواعد","وقتی کسی از ما می‌خواهد کاری بکنیم (اشاره می‌کند به عمل مورد تقاضا)","پیروی از دستورات/راهنمایی‌ها/ قواعد","قبول دستورات/ فرمان‌ها","تعهد به چیزی/ همراهی با چیزی/ اهمیت دادن","وقتی مادر می گوید اطاقت را تمیز کن و شما کار را انجام می‌دهید و معلم می‌گوید ساکت باش و شما ساکت می‌شوید (دو مثال خاص می‌گوید)"],
        "answer1":[["انجام آنچه مامان و بابا / پدر و مادر / معلم( نام شخصی را می‌گوید) میگویند","گوش دادن به حرف مامان/ بابا/ معلم/ پدر و مادر","گوش کنید/ گوش کردن / گوش کردن به کسی چه می‌گوید (اشاره‌ای به عمل مورد تقاضا)","انجام کار درست رفتار کردن","وقتی که مامان به ما می‌گوید اتاق‌مان را تمیز می‌کنیم و این کار را می کنیم/ وقتی که معلم به ما می‌گوید آرام باشیم و آرام می‌شویم (فقط یک مثال خاص می‌گوید)","همکاری کردن","پیروی کردن"],"احترام گذاشتن / بی‌احترامی نکردن"],
        "answer0":["اطاعت از پدر و مادر / قانون",["توجه کردن","اگر اطاعت نکنی به دردسر می افتی","درست انجام دادن / کار خوب کردن","کاری انجام دادن","فرمان چیزی که می‌گویند انجام دهیم","کمک / مدد","دعا کردن / فعالیت‌های مذهبی را نام می برد)"],"مخالفت میکنیم خوب بودن","ما آن چه را از ما می‌خواهند انجام نمی دهیم/ از قواعد پیروی نمی‌کنیم (عدم اطاعت را تعریف می‌کند)"],
        "finalAnswer":null
    },
    {
        "qNumber":12,
        "word":"جزیره",
        "answer2":["زمین / جا / منطقه‌ای که اطراف آن آب است / دریاست","زمینی که از زمین‌های دیگر با آب اقیانوس جدا شده است","منطقه‌ای در اقیانوس که از مرجان یا سنگ‌های آتشفشان ایجاد شده"],
        "answer1":[["زمین /جا/ منطقه‌ای در آب اقیانوس (به زمین اشاره می‌کند بدون اشاره به محصور بودن آن با آب)","زمینی که جدا است / زمینی که از زمین‌های دیگر جدا است (اشاره میکند به زمین جدا بدون اشاره به آب)","قطعه‌ای از زمین/ شکلی از خشکی","ساخته شده توسط آتشفشان‌ها از گدازه‌ای آتشفشانی","احاطه شده با آب از همه طرف (اشاره می‌کند به احاطه شدن توسط آب بدون اشاره به زمین)","ساخته شده از مرجان ","تشکیل شده توسط زلزله ","مثل کیش. قشم/ ژاپن؛ یک جزیزه را نام می برد"]],
        "answer0":["جایی با میمون‌ها و ماهی‌ها",["در آب اقیانوس/ دریاست","آب دارد / موج دارد (اشاره‌ای مبهم به آب دارد)","جزیره متروکه/ در آن سرگردان می شوید","کشتی‌ها را به آن جا می‌برند/ جاهایی که کشتی شما به آن می‌خورد","جای بازی/ شنا/ استراحت/ تفریح/ ماهیگیری","هتل‌ها/ جایی که برای تفریح می‌رویم/ برای گردش می رویم","جایی که ساحل/ درخت خرما/ کوه آتشفشان دارد (به مشخصات جزیره بدون اشاره به آن می پردازد)","قطعه‌ای کوچک از زمین","جایی با دزدان دریایی/ جایی که مردم برای یافتن گنج میروند"]],
        "finalAnswer":null
    },
    {
        "qNumber":13,
        "word":"خوردنی",
        "answer2":["می‌توان آن را خورد","چیزی که می‌توانی بخوری / قابل خوردن","چیزی که می‌توانی مصرف کنی/ مصرف کردنی","خوردنش مسمومت نمی‌کند/ بی‎ضرر است / مطمئن است /  خوب است","برای خوردن / غذایی که می‌توان خورد","می‌توانید آن را بخورید بی آن که مریض شوید / اذیت شوید / بمیرید","اگر بخوری اذیت نمی شوی."],
        "answer1":[["چیزی که میخورید؛ مصرف می‌کنید","خوب برای خوردن","سبزیجات/ میوه‌جات/ مرغ (چیزهای خوردنی را نام می برد)","سمی نیست / اشاره به خوردن نیست","غذا","اذیتتان نمی‌کند/ مریضتان نمی‌کند (بدون اشاره به غذا یا خوردن)","می‌توانید با اطمینان آن را در دهان بگذارید"]],
        "answer0":["بعضی قارچ‌ها/ گیاهان/ سبزی‌ها را نمی‌توانید بخورید (مواد سمی و غیر خوراکی را توصیف می‌کند)",["خوب است","مغذی‌/ سالم/  برای شما خوب است","خوردن را نمایش می‌دهد"]],
        "finalAnswer":null
    },
    {
        "qNumber":14,
        "word":"قدیمی",
        "answer2":["خیلی کهنه/ واقعاً کهنه ","فرد یا چیزی که مدت‌ها وجود داشته","چیزی که از هزاران/ میلیون‌ها سال پیش وجود داشته/ مدت‌ها پیش اتفاق افتاده","ماقبل تاریخ باستانی","عتیقه / چیزی از گذشته دور","اجدادی که در عصر حجر می زیستند","چیزی از مدت بسیار طولانی پیش‌تر از ما","یک زمان بسیار بسیار پیش تر/ مدتی بسیار بیشتر از ما"],
        "answer1":[["کهنه","قبل از زمان ما/ از روزهای گذشته","ساخته شده در مدت طولانی بیشتر از ما","عتیقه","در این جا بیش از صد سال بوده/ از مدت‌ها پیش","مدت طولانی بیشتر","تاریخ/ تاریخی","جد و آباد","متضاد جدید"]],
        "answer0":[["مثل سرنیزه/ مومیایی/ هرم ها (نمونه های خاصی از اشیاء معمول قدیمی را نام میبرد)","چیزی مقدس/ خاص/ ارزشمند","افسانه افسانه ای مثل مصر/ رم/ هگمتانه به تمدن قدیمی اشاره میکند","نوشته های قدیمی"],"اسرار آمیز","راز"],
        "finalAnswer":null
    },
    {
        "qNumber":15,
        "word":"جذب کردن",
        "answer2":["به درون گرفتن/ خیس کردن/ مکیدن/ به درون کشیدن","وقتی آب یا مایع به یک اسفنج/ حوله/ خاک وارد می شود/ (مثال را بدون کلمه جذب میگوید)","به درون کشیدن آب/ مایع/ رطوبت","به درون کشیدن/ رسوخ کردن/ مایع/ رطوبت/ خیس شدن با آب مایع/ رطوبت","یاد گرفتن درک کردن کسب دانش و اطلاعات فرورفتن در درون مطلبی"],
        "answer1":["اسفنج/ حوله/ خاک/ آب مایع رطوبت را جذب میکند","بدن مواد غذایی را جذب می کند","رنگ سیاه را جذب می کنند",["(نمونه های شخصی با کلمه جذب میگوید)","برداشتن خشک کردن","به درون کشیدن","جمع آوری کردن جمع کردن","گرفتار کردن جلب کردن مجذوب کردن"],"آب را دور میکند",["آب به درون آن می رود","به دست آوردن چیزی"],"بخشی از چیزی شدن"],
        "answer0":["مثل یک اسفنج جذب گرما/ نیرو غذا/ نور وسایل جذب کننده",["(نمونه های مبهم با کلمه جذب)","به درون رفتن به درون چیزی رفتن"],"خیس خوردن ",["(بدون اشاره به درون کشیدن یا به درون بردن)","ناپدید شدن گم شدن برشدن در درون خود نگاهداشتن حفظ کردن","وقتی شکر نمک در آب ناپدید میشود (حل شدن را توصیف می کنند)","وقتی آب به درون ابرها می رود؛ (تبخیر را تعریف میکند)"],"دور شدن","مخلوط کردن/ ترکیب کردن با هم گذاشتن"],
        "finalAnswer":null
    },
    {
        "qNumber":16,
        "word":"موذی",
        "answer2":["چیزی که «کسی که اذیت میکند آزار میدهد خشمگین میسازد باعث حواس پرتی میشود عصبانی می کند/ رو اعصاب می‌رود (پریشانی/ دیوانه کردن)","ناراحت کننده/ اذیت کننده/ تشدید کننده/ ناراحتی و خشم/ پرت کننده حواس","آفت یک حیوان یا حشره ای که در خانه و اطراف خودت نمیخواهی","یک حیوان یا حشره ای که به خانه تان هجوم می برد/ سعی می کنید از آن خلاص شوید مسری طاعون بیماری کشنده"],
        "answer1":["کسی که در کار ما دخالت میکند گستاخ است پست است هیچ وقت مشارکت نمی کند از زیر کار در می رود",["تکرار می کند. آن چه را که شما میگوئید (نمونه های خاصی از رفتار آزار دهنده را میگوید)","کسی که دوست ندارید/ نمی خواهید","ابله/ دردسر","کسی که بد پست شیطان است و خوب نیست","حیوان یا حشره ای که دوست نداریم و ما را گاز می گیرد. با می گزد","چیزی که شما می کوشید کنترل کنید از آن خلاص شوید پیف پافش کنید (سم پاشی کنید)","حشرات پشه ها/ مگس ها/ موریانه ها/ موشهای خانگی موشهای صحرایی (آفات متداول را نام می برد)","یک دردسرساز"]],
        "answer0":[["بست/ شیطان/ احمقانه عمل کردن","شما عصبانی هستید یا کسی عصبانی است","خواهر/ برادر کوچک من (افراد خاصی را نام می برد بدون این که رفتار را توصیف کند","یک جور حیوان دست آموز هیچ کس آن را دوست ندارد","حیوان کوچک","چیزی در منزل شما","یک چیز کثیف"]],
        "finalAnswer":null
    },
    {
        "qNumber":17,
        "word":"مهاجرت کردن",
        "answer2":["رفت و برگشت بین جاها/ به جایی رفتن برای مدتی/ موقتا و برگشتن ","پرندگان در فصل زمستان به طرف جنوب می رونده","ماهی ها برای تخم گذاری به قسمت های بالاتر رودخانه می روند که آرام تر است","مثال هایی می گوید بدون ذکر کلمه مهاجرت","حرکت اور جایی/ شهری/ کشوری به جای دیگر","حرکت به شهر کشور و از جایی به جای دیگر جابجایی","حرکت به جایی به طور موقت رفتن به جایی که نیازها را برآورد/ برای شرایط مطلوب تر در زمانی که فصل تغییر می کند","ترک کشور برای کار/ اقامت/ زندگی در یک جای جدید ترک یک جا برای زندگی در جای دیگر ترک جایی برای همیشه و رفتن به جایی تازه"],
        "answer1":[["نقل مکان/ نقل مکان کردن","رفتن به جایی به طور موقت برای مدت معین به دلیل تغییرات هوا/ وقتی هوا سرد می شود.","مسافرت/ مسافرت کردن"],"پرندگان در زمستان مهاجرت میکنند",["حیوانات برای آب مهاجرت می کنند (مثال هایی با مهاجرت می گوید)","ترک یک جا برای رفتن به جایی جدید اشاره ای به نقل مکان دائمی نمی شود)","مهاجرت کردن وقتی آدم ها به اینجا می آیند از جایی دیگر","(نقل مکان مکرر به مدت طولانی در یک جا نمی ماند)"]],
        "answer0":[["رفتن به جایی ترک کردن","فصل؛ فصلی","پرواز به جایی دور"]," خرسها تمام زمستان می خوابند؛ (خواب زمستانی را تعریف میکند)",["پرندگان خفاشان پروانه ها این کار را میکنند","مثل یک کارگر مهاجر"],"در جهت متفاوتی رفتن"],
        "finalAnswer":null
    },
    {
        "qNumber":18,
        "word":"دقیق",
        "answer2":["درست با دقت مقدار صحیح اندازه گیری تعیین جزئیات","درست همان طور که میخواهید/ درست به هدف زدن/ صد درصد/ درست/ کاملاً درست/ کاملا صحیح"],
        "answer1":[["روشن/ خیلی روشن ","کامل کاملاً","مفصل موشکافی","درست صحیح","خاص/ مخصوص","نکته: موضوع درست/ نکته ی درست"]],
        "answer0":[["ایرادگیر","عالی","متمرکز"],"مختصر",["فشرده (کوتاه را تعریف میکند)","کار را خوب انجام دادن/ کار خوبی کردن/ مثبت/ مطمئن از چیزی","بله/ موافقت با کسی/ مثل وقتی که میگی «دقیقاً»"," تقریباً درست/ صحیح/ کامل/ نزدیک به کامل/ حدس/ تخمین"]],
        "finalAnswer":null
    },
    {
        "qNumber":19,
        "word":"شفاف",
        "answer2":["اون ورش پیدا است. آن طرفش دیده می‌شود. آن طرف اش را می توان دید. روشن/ صاف و روشن","همه می توانند بینند پشت آن چه می گذرد","بسیار روشن","بدون مانع/ به آسانی قابل درک/ در دسترس","نور از آن می گذرد"],
        "answer1":[["از میان آن می شود دید آن طرف اش پیداست","نادیدنی نمی توانی آن را ببینی","دیدنی","واضح","چیزها. عواطف افکار را پنهان نمی کنید"]],
        "answer0":[["می توانی آن را ببینی","مثل پنجره پنجره شفاف این که چیزی چقدر روشن با تیره است","دیدن آن طرف آن سخت است. غیر واضح پوشیده","ناپدید شدن"],"میتوان از آن گذشت","مثل یک آینه انعکاس"],
        "finalAnswer":null
    },
    {
        "qNumber":20,
        "word":"درمان",
        "answer2":["معالجه","معالجه کردن","نوشدارو","دارو","مداوا","به ما شفا میبخشد ما را خوب میکند.","علاج بیماری/ حل مشکل/ رفع انشاء/ شفا بخشیدن","درست کردن/ درست قرار دادن","حل مشکل/ حل مساله","شفا دادن ترمیم کردن"],
        "answer1":[["تسکین دادن","کمک کردن چیزی که به ما کمک میکند","به شما به ما احساس بهتری می دهد","وقتی برای خلاصی از سردرد قرص میخوریم برای رفع عفونت آمپول میزنیم (مثال خاصی میگوید)","هر وقت مریض می شویم/ حالتان خوب نیست از آن استفاده میکنیم","راه حل","علاج کردن","از چیزی بدی خلاص شدن"]],
        "answer0":["مخلوط","ترکیب",["معجون","چیزی که میسازیم. با هم قرار میدهیم","قرص آمپول","از دکتر/ پرستار می گیریم"],"سالم است",["برای ما خوب است","یک جور بود بهتر شدن بهبود","موهومات","چای گیاهی","درمان خانگی","موسیقی ترانه"],"میراث/ ارت"],
        "finalAnswer":null
    },
    {
        "qNumber":21,
        "word":"به ندرت",
        "answer2":["نه خیلی زیاد زیاد اتفاق نمی افتد به سختی اتفاق می افتد/ تقریباً/ هیچ وقت","کمیاب/ گهگاه کوه غیر معمول"],
        "answer1":[["گاهی اوقات گاهگاهی","نه زیاد مقدار کم","خیلی کم نه خیلی زیاد","به سختی به زحمت","به مرتبه هر از گاهی","کمیاب نامعمول","غیر متحمل/ بسیار نامحتمل/ نامحتمل"],"نه هر روز نه همیشه"],
        "answer0":[["خیلی کم","اصلاً نمی شود؛ اتفاق نمی افتد"],"تنها ","منفرد/ گوشه گیره ","غمگین",["فروختن چیزی/ ناگهان/ یک دفعه"],"خیلی اتفاق می افتد","معمولی آرام/ ساکت/ ملایم"],
        "finalAnswer":null
    },
    {
        "qNumber":22,
        "word":"طاقت فرسا",
        "answer2":["نیرو/ آزمایش/ عمل کار زیادی لازم دارد/ بسیار سخت مشکل خیلی پرتنش کاربر","بسیار خسته کننده/ توان فرسا/ چیزی که کاری بسیار سخت می طلبد","برای مدتی طولانی سخت است و نیروی بسیار می خواهد","سخت","خسته کننده/ مشقت بار/ شدید. توان/ قوت/ نیروی بسیار می طلبد","از لحاظ جسمانی کار بسیار میخواهد کار شدید/ تحمل می طلبد"],
        "answer1":["سخت",["مشکل/ سنگین/ خشن/ کاری سخت انجام دادن","کار سخت می طلبد","خسته کننده توان گیر","بر تنش","شدید پرقوت","فشار آور فشار می آورد"],"توانایی ات را بیشتر میکند",["بسیار میکوشی","مدتی طولانی دوام دارد. تداوم دارد"]],
        "answer0":[["تنش","انجام مکرر کار تکراری","مداوم","سخت"],"قوی قدرتمند",["تمرین سخت کار شدید","دردآور آزارت میدهد"],"بیش از حد توانایی"],
        "finalAnswer":null
    },
    {
        "qNumber":23,
        "word":"اتفاق آراء",
        "answer2":["همه موافق اند","موافقت کامل جمعی ۱۰۰ همه افراد برای آن یا علیه آن هستند (رأی کامل را توصیف می کند)","همه یک جور رأی میدهند","بدون مخالفت بدون تضاد همه یک نظر را دارند","همه روی یک چیز توافق دارند"],
        "answer1":[["همه: ۱۰۰٪","همه یک جور","موافقت موافقت کردن","انتخاب کردن بدون سؤال","تمام گروه یک فکر را دارد","بدون اعتراض","همه با هم با هم یکی هستند","همه تمام افراد"]],
        "answer0":[["برابر","همه"],"اکثریت/ بزرگ/ گنده/ مقدار زیاده",["یک رأی همگانی یک رأی","به روشنی تصمیم گرفته شده؛ نتیجه روشن","یک تصمیم گروهی"],"همزمان در یک زمان آشکار مشهود","بی همتا غیر معمول"],
        "finalAnswer":null
    },
    {
        "qNumber":24,
        "word":"وسوسه کردن",
        "answer2":["اغوا/ گله/ فریب دادن","کسی را وادار به انجام کاری کردن از راه امیال انتظارات و خواسته هایش","وادار کردن کسی به کاری با وعده و وعید برای به دست آوردن چیزی که دوست دارد","اغوا/اغواگری","جلب کردن/متقاعد ساختن/ تشویق کردن کسی با جاذبه امیال انتظارات و خواسته هایش","امیال/خواسته ها/احساسات کسی را برانگیختن"],
        "answer1":[["کسی را وادار به انجام کاری کردن","وادار کردن افراد به خواستن چیزی/ وادار کردن فردی به میل به انجام کاری خاص","رشوه دادن به کسی","دادن پول/ عروسک شکلات به کسی که کاری را انجام دهد (مثالی خاص به کار می برد)"],"جذب",["ریشخند","متقاعد ساختن/ تشویق کردن","قول دادن به کسی برای گرفتن چیزی که دوست دارد","جلب نظره جلب نظر کردن","جاذبه/جذب کردن/گول زدن","به طرف خود کشیدن"]],
        "answer0":[["شیرینی/ شکلات/اسباب بازی به کسی دادن","برانگیختن کسی به انجام کاری","اذیت کردن","زور گفتن","خواستن آرزو کردن","وادار کردن کسی به انجام کاری","سود بردن","نگاهی دقیق انداختن","کسی را گمراه کردن/ به کسی دروغ گفتن"],"چیزی را شروع کردن برانگیختن (تعریف تحریک کردن)"],
        "finalAnswer":null
    },
    {
        "qNumber":25,
        "word":"منسوخ",
        "answer2":["دیگر ربطی به امور جاری ندارد","دیگر متناسب با اوضاع روز نیست","دیگر مورد نیاز نیست","دیگر لازم نیست","دیگر از آن استفاده نمی شود/دیگر مفید نیست","تاریخ گذشته/از وقت آن گذشته/دیگر به روز نیست","کهنه/خارج از مده/دیگر معمول نیست","قدیمی و بی فایده/بدون استفاده/در جریان نیست","تازه نیست"],
        "answer1":["بی ربط",["بدون رابط","مورد نیاز نیست/لازم نیست","مفید نیست/بی فایده است","جایگزین شده با چیزی جدیدتر/الان چیزی جدیدتر یا بهترش وجود دارد","وجود ندارد"],"در دسترس نیست","دیگر ساخته نمیشود/فروخته نمی شود",["به روز نیست","از رواج افتاده","کهنه قدیمی","عتیقه","بی اهمیت/اهمیتی ندارد","بی هدف/بی جا","بی ارزش","مثل کالسکه/گاری/ماشین پیکان تهران الف (مثال های خاصی می آورد)"]],
        "answer0":[["ساخته نمیشود/فروخته نمیشود/در دسترس نیست/به روز نیست","آدمها آن را نمیخواهند","در معرض انقراض"],"شکسته",["از کار افتاده مثل یک کامپیوتر","آشغال زباله","نا آشنا","انجام شده/تمام شده/پایان/از دست رفته/معمول"]],
        "finalAnswer":null
    },
    {
        "qNumber":26,
        "word":"صرفه جو",
        "answer2":["مقتصد","مصرف کننده ای که اسراف نمی کند","کسی که پول را هدر نمیدهد","کسی که در مصرف بول/ دقیق/ محتاط/ معقول واقع بین و دوراندیش است","وقتی پول خرج میکند کنترل خود را دارد","خرج پول را تنظیم می کند","طبق برنامه خرج می کنند","فقط در مواردی پول خرج میکند که مورد نیاز است","زیادی خرج نمیکند/معقول خرج میکند","حساب ریالی اش را دارد","کم مصرف/از منابع مالی عاقلانه استفاده می کند","اقتصادی"],
        "answer1":["کسی که سرمایه را به هدر نمی دهد",["امساک کننده","دقیق/محتاط/واقع بین/دوراندیش/ معقول","پس انداز پول/ پول را حفظ کردن ","دور نینداختن چیزهایی که شاید زمانی لازم شود","حفظ بلند مدت اشیاء","هوشمندانه با پول عمل کردن","هوشمندانه عمل کردن با آن چه دارید","زیاد مصرف نکردن پول/زیاد نخریدن","چسبیدن به پول تا آخرین ریال/جنسی کم ارزش/خسیس","دوست ندارند پول خرج کنند"]],
        "answer0":null,
        "finalAnswer":null
    }
]